Marvel Entertainment - Videos,,,,,,,,
Video ID,Title,Thumbnail,Published on,Duration,# of views,# of likes,# of dislikes,# of comments
UxSDytN7TAY,Neal Adams and Mark Waid on FANTASTIC FOUR: ANTITHESIS!,,2020-07-24,03 : 08,"5,740",555,20,47
_V9Acv8C6MY,Daisy + Sousa: The New Marvel’s Agents of S.H.I.E.L.D. 'Ship!,,2020-07-23,03 : 22,"43,842","2,940",60,557
O4N-5e95nwE,Skottie Young Variants & More Marvel Made Merch! | Marvel's Pull List,,2020-07-23,07 : 31,"10,402",495,22,54
lfpWLGXIoWY,Hugh Jackman's Wolverine Journey | Marvel's Storyboards,,2020-07-23,14 : 06,"119,739","2,904",28,503
Mz2MXfyaKpY,"Marvel’s Agents of S.H.I.E.L.D. | Season 7, Ep. 9 Sneak Peek",,2020-07-22,00 : 58,"51,945","1,912",41,179
VEZgwmnX8bA,EVERY Captain America Costume In The MCU!,,2020-07-22,01 : 07,"105,706","7,665",97,634
2FsViR-Cwe4,Marvel's Storyboards | Official Trailer,,2020-07-21,02 : 02,"15,787",656,36,69
XeC_MnG-EpA,Guillotine | Marvel 101,,2020-07-22,01 : 58,"65,279","2,428",59,153
yDZScPQguHI,"EMPYRE ""Lives Up to the Hype!""",,2020-07-21,00 : 37,"9,423",391,28,77
wvaQEey_J9c,How to Draw HULK LIVE w/ Nelson Blake II! | Marvel Comics,,2020-07-21,1 : 53 : 22,"31,678","1,295",49,32
4gs_6GoKtX4,UNBOXING Marvel Made Bundle ft. Exclusive Pins!,,2020-07-21,03 : 31,"17,143",967,27,69
I9pB5Rsc9sQ,X OF SWORDS & Mutant Madness In October 2020! | Marvel’s Pull List,,2020-07-21,06 : 16,"16,841","1,040",26,140
INTlKdCehG4,Marvel's Iron Man VR | Tips & Tricks!,,2020-07-17,02 : 41,"36,038","1,378",68,169
L8HDZ7j3QIc,"Episode 2 Sneak Peek: Higher, Further, Faster | Marvel’s 616 | Disney+",,2020-07-22,03 : 00,"29,510",760,"1,363",674
YAO3xRe9KzE,Episode 4 Sneak Peek: Lost and Found | Marvel’s 616 | Disney+,,2020-07-22,02 : 37,"15,996",349,187,41
WE6j8kXD_PA,Celebrating Essential Workers: Registered Nurse | Make Me A Hero,,2020-07-19,02 : 10,"21,797","1,050",66,103
crrn6T4-KoI,Black Knight Joins The Avengers,,2020-07-18,02 : 54,"112,689","4,451",119,341
qSSJqtbsCgI,How to Draw THOR LIVE w/ Damion Scott! | Marvel Comics,,2020-07-17,1 : 39 : 46,"26,714","1,066",46,28
mZNXViHXkGE,Living Tony Stark's Life in Marvel's Iron Man VR! | LIVE!,,2020-07-16,33 : 15,"33,361","1,313",51,48
j3rrdHA3nZo,MAESTRO #1 Trailer | Marvel Comics,,2020-07-16,01 : 25,"94,605","3,105",52,291
v8pUp_AK9Hc,NEW Limited Run Marvel Merch is Here!,,2020-07-16,01 : 51,"21,432","1,164",29,127
nfk7hOHC43M,Elizabeth Henstridge Talks Marvel’s Agents of S.H.I.E.L.D. New Season LIVE!,,2020-07-15,22 : 17,"37,631","1,903",31,100
t1ZQYxf3wiE,Black Widow's Bites DIY! | Marvel Mission,,2020-07-15,02 : 13,"20,938","1,108",55,97
16PGp9QfR5M,"Marvel’s Agents of S.H.I.E.L.D. | Season 7, Ep. 8 Sneak Peek",,2020-07-15,01 : 09,"47,505","1,332",21,129
Qovs85iCjgM,Who Betrays The Avengers in EMPYRE?! | Marvel Comics,,2020-07-15,01 : 09,"25,561","1,269",21,256